{"max": 130818.59706959708, "min": 3.407001004374329e-05, "product": 1.6895621265983346e-53, "sum": 738661.1249672843}