{"max": 17.04046706500881, "min": 0.01756523275860448, "product": 3.562098419312077e-05, "sum": 209.93389282204544}